"ID";"City";"Province";"Country";"Canada"
"1";"Ottawa";"Quebec";"Canada";"Y"
"2";"Grand Forks BC";"British Columbia";"Canada";"Y"
"3";"Wellington BC";"British Columbia";"Canada";"Y"
"4";"Cranberry BC";"British Columbia";"Canada";"Y"
"5";"Saint John";"New Brunswick";"Canada";"Y"
"6";"Fernie BC";"British Columbia";"Canada";"Y"
"7";"Frank AB";"Alberta";"Canada";"Y"
"8";"Carbonado BC";"British Columbia";"Canada";"Y"
"9";"Edmonton";"Alberta";"Canada";"Y"
"10";"Calgary";"Alberta";"Canada";"Y"
"11";"Upper Arrow Lake BC";"British Columbia";"Canada";"Y"
"12";"Toronto";"Ontario";"Canada";"Y"
"13";"Red River MB";"Manitoba";"Canada";"Y"
"14";"Nova Scotia";"Nova Scotia";"Canada";"Y"
"15";"Spences Bridge BC";"British Columbia";"Canada";"Y"
"16";"Vancouver Island (BC)";"British Columbia";"Canada";"Y"
"17";"Quebec City";"Quebec";"Canada";"Y"
"18";"Notre-Dame-de-la-Salette QC";"Quebec";"Canada";"Y"
"19";"Chester NB";"New Brunswick";"Canada";"Y"
"20";"Burnaby and New Westminster BC";"British Columbia";"Canada";"Y"
"21";"Prairie Provinces";"";"";"N"
"22";"Spanish River ON";"Ontario";"Canada";"Y"
"23";"Rogers Pass BC";"British Columbia";"Canada";"Y"
"24";"St-Alphonse-de-Bagotville QC";"Quebec";"Canada";"Y"
"25";"Coucoucache QC";"Quebec";"Canada";"Y"
"26";"Cochrane";"Ontario";"Canada";"Y"
"27";"Regina SK";"Saskatchewan";"Canada";"Y"
"28";"Eastern Canada";"";"Canada";"Y"
"29";"Lakes Huron, Erie and Ontario";"Ontario";"Canada";"Y"
"30";"Newfoundland coast";"";"";"N"
"31";"Labrador";"";"";"N"
"32";"St. Lawrence River QC";"Quebec";"Canada";"Y"
"33";"Hillcrest AB";"Alberta";"Canada";"Y"
"34";"North Saskatchewan River AB and SK";"Saskatchewan";"Canada";"Y"
"35";"Nanaimo BC";"British Columbia";"Canada";"Y"
"36";"Cooper Mine, Jane Camp BC";"British Columbia";"Canada";"Y"
"37";"Northeastern New Brunswick";"New Brunswick";"Canada";"Y"
"38";"Ottawa";"Ontario";"Canada";"Y"
"39";"Winnipeg";"Manitoba";"Canada";"Y"
"40";"New Waterford NS";"Nova Scotia";"Canada";"Y"
"41";"Northwestern British Columbia";"British Columbia";"Canada";"Y"
"42";"Halifax and Dartmouth NS";"Nova Scotia";"Canada";"Y"
"43";"Across Canada";"";"Canada";"Y"
"44";"Pictou County NS";"Nova Scotia";"Canada";"Y"
"45";"Trenton ON";"Ontario";"Canada";"Y"
"46";"British Columbia, off coast";"British Columbia";"Canada";"Y"
"47";"Southwestern Ontario";"Ontario";"Canada";"Y"
"48";"Southeastern Saskatchewan";"Saskatchewan";"Canada";"Y"
"49";"Icelandic River and Fisher River MB";"Manitoba";"Canada";"Y"
"50";"Montreal";"Quebec";"Canada";"Y"
"51";"Canning NS";"Nova Scotia";"Canada";"Y"
"52";"Waswanipi reserve QC";"Quebec";"Canada";"Y"
"53";"Southern Alberta";"Alberta";"Canada";"Y"
"54";"Grand Falls NL";"Newfoundland and Labrador";"Canada";"Y"
"55";"Upper Gagetown and Burton NB";"New Brunswick";"Canada";"Y"
"56";"Lake St. Clair ON";"Ontario";"Canada";"Y"
"57";"Saskatchewan and Alberta";"Saskatchewan";"Canada";"Y"
"58";"Emerson MB";"Manitoba";"Canada";"Y"
"59";"Goulais River ON";"Ontario";"Canada";"Y"
"60";"Northern British Columbia";"British Columbia";"Canada";"Y"
"61";"Whitedog Lake ON";"Ontario";"Canada";"Y"
"62";"Come by Chance NL";"Newfoundland and Labrador";"Canada";"Y"
"63";"Duck Mountain and Swan River MB";"Manitoba";"Canada";"Y"
"64";"Saint-Romuald QC";"Quebec";"Canada";"Y"
"65";"Linton QC";"Quebec";"Canada";"Y"
"66";"Sarnia ON";"Ontario";"Canada";"Y"
"67";"Lethbridge, Taber, Irma and Wainwright AB";"Alberta";"Canada";"Y"
"68";"Louiseville, Yamachiche and St.-Justin Region of Trois-Rivieres QC";"Quebec";"Canada";"Y"
"69";"Central and Southern Alberta";"Alberta";"Canada";"Y"
"70";"Norman Wells NT";"Northwest Territories";"Canada";"Y"
"71";"Ontario and Manitoba";"Ontario";"Canada";"Y"
"72";"Courtland ON";"Ontario";"Canada";"Y"
"73";"Lesser Slave Lake region AB";"Alberta";"Canada";"Y"
"74";"Saguenay";"Quebec";"Canada";"Y"
"75";"Saint-Basile-le-Grand QC";"Quebec";"Canada";"Y"
"76";"Dundas ON";"Ontario";"Canada";"Y"
"77";"Albany and Attawapiskat River ON";"Ontario";"Canada";"Y"
"78";"Niagara Falls ON";"Ontario";"Canada";"Y"
"79";"Yukon to Ontario";"Yukon";"Canada";"Y"
"80";"Dryden ON";"Ontario";"Canada";"Y"
"81";"Montmartre SK";"Saskatchewan";"Canada";"Y"
"82";"Liard River NT";"Northwest Territories";"Canada";"Y"
"83";"Northern Manitoba";"Manitoba";"Canada";"Y"
"84";"Radisson QC";"Quebec";"Canada";"Y"
"85";"Saint-Jacques QC";"Quebec";"Canada";"Y"
"86";"Sudbury ON";"Ontario";"Canada";"Y"
"87";"Southwestern British Columbia";"British Columbia";"Canada";"Y"
"88";"Gulf of St. Lawrence QC";"Quebec";"Canada";"Y"
"89";"Saint-Leonard d'Aston QC";"Quebec";"Canada";"Y"
"90";"Ungava Peninsula QC";"Quebec";"Canada";"Y"
"91";"Newfoundland";"";"";"N"
"92";"Old Crow YT";"Yukon";"Canada";"Y"
"93";"Harrow ON";"Ontario";"Canada";"Y"
"94";"British Columbia to Ontario";"Ontario";"Canada";"Y"
"95";"Banff AB";"Alberta";"Canada";"Y"
"96";"Hagersville ON";"Ontario";"Canada";"Y"
"97";"Vancouver Harbour BC";"British Columbia";"Canada";"Y"
"98";"La Baie QC";"Quebec";"Canada";"Y"
"99";"Sainte-Anne des Plaines QC";"Quebec";"Canada";"Y"
"100";"St.-Amable QC";"Quebec";"Canada";"Y"
"101";"Western Alberta";"Alberta";"Canada";"Y"
"102";"Woodstock NB";"New Brunswick";"Canada";"Y"
"103";"Northumberland Strait (NS and PE)";"Nova Scotia";"Canada";"Y"
"104";"Southern Ontario";"Ontario";"Canada";"Y"
"105";"Joe Rich and Southern British Columbia";"British Columbia";"Canada";"Y"
"106";"Oka QC";"Quebec";"Canada";"Y"
"107";"Madeleine Islands QC";"Quebec";"Canada";"Y"
"108";"Southern Alberta and Saskatchewan";"Saskatchewan";"Canada";"Y"
"109";"Bugaboo Glacier Provincial Park BC";"British Columbia";"Canada";"Y"
"110";"Notre-Dame de Pierreville QC";"Quebec";"Canada";"Y"
"111";"Chaudiere River QC";"Quebec";"Canada";"Y"
"112";"Niverville MB";"Manitoba";"Canada";"Y"
"113";"Baie-Comeau";"Quebec";"Canada";"Y"
"114";"Red Deer AB";"Alberta";"Canada";"Y"
"115";"St. Lazare MB";"Manitoba";"Canada";"Y"
"116";"Saudi Arabia";"";"";"N"
"117";"Off Cape Beale BC";"British Columbia";"Canada";"Y"
"118";"Kinsella AB";"Alberta";"Canada";"Y"
"119";"Southern New Brunswick";"New Brunswick";"Canada";"Y"
"120";"Maskinonge QC";"Quebec";"Canada";"Y"
"121";"Jarvis ON";"Ontario";"Canada";"Y"
"122";"Near the North Pole NU";"Nuvanut";"Canada";"Y"
"123";"Canso NS";"Nova Scotia";"Canada";"Y"
"124";"Vernon BC";"British Columbia";"Canada";"Y"
"125";"Maritime Provinces";"";"";"N"
"126";"Grand Coulee SK";"Saskatchewan";"Canada";"Y"
"127";"Central Ontario";"Ontario";"Canada";"Y"
"128";"Haines AB";"Alberta";"Canada";"Y"
"129";"Lethbridge AB";"Alberta";"Canada";"Y"
"130";"Corunna ON";"Ontario";"Canada";"Y"
"131";"Elmira ON";"Ontario";"Canada";"Y"
"132";"Port au Choix NL";"Newfoundland and Labrador";"Canada";"Y"
"133";"Peace River AB";"Alberta";"Canada";"Y"
"134";"Port-aux-Basques NL";"Newfoundland and Labrador";"Canada";"Y"
"135";"Hay River NT";"Northwest Territories";"Canada";"Y"
"136";"Plymouth NS";"Nova Scotia";"Canada";"Y"
"137";"Attawapiskat ON";"Ontario";"Canada";"Y"
"138";"Longlac ON";"Ontario";"Canada";"Y"
"139";"Prairies Provinces and Ontario";"Ontario";"Canada";"Y"
"140";"Oakville MB";"Manitoba";"Canada";"Y"
"141";"Yukon Rivers YT";"Yukon";"Canada";"Y"
"142";"Yellowknife NT";"Northwest Territories";"Canada";"Y"
"143";"Avalon and Burin Peninsulas and Bonavista, Trinity and Conception Bays NL";"Newfoundland and Labrador";"Canada";"Y"
"144";"St. John's";"Newfoundland and Labrador";"Canada";"Y"
"145";"Prince Edward Island and New Brunswick";"New Brunswick";"Canada";"Y"
"146";"Shubenacadie NS";"Nova Scotia";"Canada";"Y"
"147";"Saskatchewan";"Saskatchewan";"Canada";"Y"
"148";"Quebec";"Quebec";"Canada";"Y"
"149";"Swan River MB";"Manitoba";"Canada";"Y"
"150";"Truro NS";"Nova Scotia";"Canada";"Y"
"151";"Windsor ON";"Ontario";"Canada";"Y"
"152";"Quebec and Ontario";"Quebec";"Canada";"Y"
"153";"Kirkland Lake ON";"Ontario";"Canada";"Y"
"154";"Alberta to Maritimes";"Alberta";"Canada";"Y"
"155";"Southern ON";"Ontario";"Canada";"Y"
"156";"Plaster Rock NB and Lower St. Lawrence Region QC";"Quebec";"Canada";"Y"
"157";"Southern Manitoba";"Manitoba";"Canada";"Y"
"158";"British Columbia";"British Columbia";"Canada";"Y"
"159";"Sydney NS";"Nova Scotia";"Canada";"Y"
"160";"Southwestern Manitoba";"Manitoba";"Canada";"Y"
"161";"Aylmer QC";"Quebec";"Canada";"Y"
"162";"Salmon Arm BC";"British Columbia";"Canada";"Y"
"163";"Avalon area of Newfoundland and Labrador";"Newfoundland and Labrador";"Canada";"Y"
"164";"Poplar Bay AB";"Alberta";"Canada";"Y"
"165";"Hervey Junction QC";"Quebec";"Canada";"Y"
"166";"Blanc Sablon QC";"Quebec";"Canada";"Y"
"167";"North Central Saskatchewan";"Saskatchewan";"Canada";"Y"
"168";"Western MB";"Manitoba";"Canada";"Y"
"169";"Southeastern British Columbia";"British Columbia";"Canada";"Y"
"170";"Sahtu Region of the Northwest Territories";"Northwest Territories";"Canada";"Y"
"171";"Burin Peninsula NL";"Newfoundland and Labrador";"Canada";"Y"
"172";"Hamilton";"Ontario";"Canada";"Y"
"173";"Sunny Valley AB";"Alberta";"Canada";"Y"
"174";"Grande Prairie AB";"Alberta";"Canada";"Y"
"175";"South Dumfries ON";"Ontario";"Canada";"Y"
"176";"Flat Bay NL";"Newfoundland and Labrador";"Canada";"Y"
"177";"Grey County, Wellington and Dufferin County ON";"Ontario";"Canada";"Y"
"178";"Timmins";"Ontario";"Canada";"Y"
"179";"Atikokan ON";"Ontario";"Canada";"Y"
"180";"Red River, Souris River, Assiniboine River and Pembina River MB";"Manitoba";"Canada";"Y"
"181";"Lesser Slave Lake area AB";"Alberta";"Canada";"Y"
"182";"Nechako River BC";"British Columbia";"Canada";"Y"
"183";"Southwest Alberta";"Alberta";"Canada";"Y"
"184";"Bay of Fundy NB";"New Brunswick";"Canada";"Y"
"185";"Durham";"Ontario";"Canada";"Y"
"186";"Southern British Columbia";"British Columbia";"Canada";"Y"
"187";"South-Central Saskatchewan";"Saskatchewan";"Canada";"Y"
"188";"Ontario and Quebec";"Quebec";"Canada";"Y"
"189";"Northwest of Matagami QC";"Quebec";"Canada";"Y"
"190";"Northwest Ontario";"Ontario";"Canada";"Y"
"191";"Hummingbird Creek BC";"British Columbia";"Canada";"Y"
"192";"Les Eboulements QC";"Quebec";"Canada";"Y"
"193";"Buffalo";"Alberta";"Canada";"Y"
"194";"Ontario, Quebec and New Brunswick";"Quebec";"Canada";"Y"
"195";"45 miles southwest of the islands of Saint-Pierre-et-Miquelon";"";"";"N"
"196";"Kangiqsualujjuaq QC";"Quebec";"Canada";"Y"
"197";"Quebec and New Brunswick";"Quebec";"Canada";"Y"
"198";"Eastern Ontario and Quebec";"Quebec";"Canada";"Y"
"199";"Swan Hills AB";"Alberta";"Canada";"Y"
"200";"Northern Ontario";"Ontario";"Canada";"Y"
"201";"Portage la Prairie MB";"Manitoba";"Canada";"Y"
"202";"Tibbet Lake NT";"Northwest Territories";"Canada";"Y"
"203";"Greater Vancouver Area, Southern BC";"British Columbia";"Canada";"Y"
"204";"Peggy's Cove NS";"Nova Scotia";"Canada";"Y"
"205";"Barrie ON";"Ontario";"Canada";"Y"
"206";"Southern BC";"British Columbia";"Canada";"Y"
"207";"Taylor BC";"British Columbia";"Canada";"Y"
"208";"Terrace BC";"British Columbia";"Canada";"Y"
"209";"Melita MB";"Manitoba";"Canada";"Y"
"210";"Thamesville ON";"Ontario";"Canada";"Y"
"211";"La Ronge SK";"Saskatchewan";"Canada";"Y"
"212";"Beardmore ON";"Ontario";"Canada";"Y"
"213";"Burwash Landing YT";"Yukon";"Canada";"Y"
"214";"Kenora ON";"Ontario";"Canada";"Y"
"215";"Badger NL";"Newfoundland and Labrador";"Canada";"Y"
"216";"Clearwater AB";"Alberta";"Canada";"Y"
"217";"Drummondville QC";"Quebec";"Canada";"Y"
"218";"Toronto";"";"Canada";"Y"
"219";"Prince Edward Island";"Prince Edward Island";"Canada";"Y"
"220";"Balmoral and Val d'Amour areas in Restigouche County NB";"New Brunswick";"Canada";"Y"
"221";"Vancouver BC";"British Columbia";"Canada";"Y"
"222";"Little Saskatchewan First Nation Reserve MB";"Saskatchewan";"Canada";"Y"
"223";"Glacier National Park BC";"British Columbia";"Canada";"Y"
"224";"St-Hilaire QC";"Quebec";"Canada";"Y"
"225";"Passmore BC";"British Columbia";"Canada";"Y"
"226";"Pine Lake AB";"Alberta";"Canada";"Y"
"227";"Chetwynd BC";"British Columbia";"Canada";"Y"
"228";"Walkerton ON";"Ontario";"Canada";"Y"
"229";"Vanguard SK";"Saskatchewan";"Canada";"Y"
"230";"Eastern and Northern Coastline of New Brunswick";"New Brunswick";"Canada";"Y"
"231";"Peace River area BC";"British Columbia";"Canada";"Y"
"232";"Morley, Chapple, Dawson, Emo, Lake of the Woods, La Vallee, Rainy River, Fort Frances ON";"Ontario";"Canada";"Y"
"233";"Northeast and Central British Columbia";"British Columbia";"Canada";"Y"
"234";"New York City";"New York";"US";"N"
"235";"Southern coast of Newfoundland";"";"";"N"
"236";"Brookdale MB";"Manitoba";"Canada";"Y"
"237";"Notre-Dame-du-Lac QC";"Quebec";"Canada";"Y"
"238";"Northern Alberta and Conklin";"Alberta";"Canada";"Y"
"239";"Montreal";"Saskatchewan";"Canada";"Y"
"240";"Attawapiskat First Nation ON";"Ontario";"Canada";"Y"
"241";"""Municipalities of Ignace, Fort Frances, Rainy River, Alberton, Atikokan, Chapple, Dawson, Emo, La Valle, Lake of the Woods, Morley, Machin";"";"";"N"
"242";"Southeast MB";"Manitoba";"Canada";"Y"
"243";"Kingsville ON";"Ontario";"Canada";"Y"
"244";"Peerless Lake, Trout Lake AB";"Alberta";"Canada";"Y"
"245";"Turnor Lake SK";"Saskatchewan";"Canada";"Y"
"246";"Hawes/Patuanak SK";"Saskatchewan";"Canada";"Y"
"247";"Crutwell, Dillon, Hatchett Lake, Pelican Narrows, Deschambeault, Wahpeton First Nation, Nordell, Peter Pond SK";"Saskatchewan";"Canada";"Y"
"248";"Nemiscau region, near James Bay QC";"Quebec";"Canada";"Y"
"249";"Near community of Sheshatshui and town of North West River NL";"Newfoundland and Labrador";"Canada";"Y"
"250";"""Kee-Way-Win FN";"";"";"N"
"251";"Brant";"Ontario";"Canada";"Y"
"252";"Western Canada";"";"Canada";"Y"
"253";"Tyendinaga Township First Nation ON";"Ontario";"Canada";"Y"
"254";"Oxford and Truro NS";"Nova Scotia";"Canada";"Y"
"255";"West Coast of Newfoundland";"";"";"N"
"256";"Manitoba";"Manitoba";"Canada";"Y"
"257";"Eastern Passage, Cole Harbour NS";"Nova Scotia";"Canada";"Y"
"258";"Southeastern British Columbia and Southwestern Alberta";"British Columbia";"Canada";"Y"
"259";"The Bois-Francs, Chaudiere-Appalaches, Beauce, l'Outaouais, Lanaudiere, and Abitibi-Temiscamingue regions QC";"Quebec";"Canada";"Y"
"260";"Ontario, Midwest and Northeast USA";"Ontario";"Canada";"Y"
"261";"Charlotte";"Nova Scotia";"Canada";"Y"
"262";"Vancouver Island and Southwestern British Columbia";"British Columbia";"Canada";"Y"
"263";"South Central Manitoba";"Manitoba";"Canada";"Y"
"264";"The Pas MB";"Manitoba";"Canada";"Y"
"265";"Estevan SK";"Saskatchewan";"Canada";"Y"
"266";"Edmundston NB";"New Brunswick";"Canada";"Y"
"267";"East Indian Ocean";"";"";"N"
"268";"Kings County PE";"Prince Edward Island";"Canada";"Y"
"269";"North Vancouver BC";"British Columbia";"Canada";"Y"
"270";"Kashechewan ON";"Ontario";"Canada";"Y"
"271";"Fort Good Hope NT";"Northwest Territories";"Canada";"Y"
"272";"Bridgewater NS";"Nova Scotia";"Canada";"Y"
"273";"Chisasibi QC";"Quebec";"Canada";"Y"
"274";"Chibougamau";"Quebec";"Canada";"Y"
"275";"Cumberland House Cree First Nation SK";"Saskatchewan";"Canada";"Y"
"276";"Kelowna BC";"British Columbia";"Canada";"Y"
"277";"Stephenville NL";"Newfoundland and Labrador";"Canada";"Y"
"278";"Abbotsford";"British Columbia";"Canada";"Y"
"279";"Glovertown NL";"Newfoundland and Labrador";"Canada";"Y"
"280";"Delta BC";"British Columbia";"Canada";"Y"
"281";"Red Earth SK";"Saskatchewan";"Canada";"Y"
"282";"Slocan River BC";"British Columbia";"Canada";"Y"
"283";"Mistissini QC";"Quebec";"Canada";"Y"
"284";"Aklavik NT";"Northwest Territories";"Canada";"Y"
"285";"Tumbler Ridge BC";"British Columbia";"Canada";"Y"
"286";"Nordegg AB";"Alberta";"Canada";"Y"
"287";"Cariboo-Chilcotin BC";"British Columbia";"Canada";"Y"
"288";"Galiano Island BC";"British Columbia";"Canada";"Y"
"289";"Boisbriand QC";"Quebec";"Canada";"Y"
"290";"Amherstburg ON";"Ontario";"Canada";"Y"
"291";"Sainte-Anne-des-Plaines QC";"Quebec";"Canada";"Y"
"292";"Saint-Joseph et Vallee QC";"Quebec";"Canada";"Y"
"293";"Russell ON";"Ontario";"Canada";"Y"
"294";"South Coast and Lower Mainland BC";"British Columbia";"Canada";"Y"
"295";"Maple Ridge BC";"British Columbia";"Canada";"Y"
"296";"Selkirk MB";"Manitoba";"Canada";"Y"
"297";"Red Earth First Nation SK";"Saskatchewan";"Canada";"Y"
"298";"Gatineau";"Quebec";"Canada";"Y"
"299";"Fishing Lake SK";"Saskatchewan";"Canada";"Y"
"300";"Bellefleur NB";"New Brunswick";"Canada";"Y"
"301";"Sept-Iles QC";"Quebec";"Canada";"Y"
"302";"Terrace, Smithers & Mount Currie BC";"British Columbia";"Canada";"Y"
"303";"Happy Valley - Goose Bay NL";"Newfoundland and Labrador";"Canada";"Y"
"304";"Dartmouth NS";"Nova Scotia";"Canada";"Y"
"305";"Elie MB";"Manitoba";"Canada";"Y"
"306";"South Indian Lake MB";"Manitoba";"Canada";"Y"
"307";"Kootenay BC";"British Columbia";"Canada";"Y"
"308";"Natuashish NL";"Newfoundland and Labrador";"Canada";"Y"
"309";"Gaspe QC";"Quebec";"Canada";"Y"
"310";"Matane QC";"Quebec";"Canada";"Y"
"311";"Prince George";"British Columbia";"Canada";"Y"
"312";"Port Bruce ON";"Ontario";"Canada";"Y"
"313";"New Brunswick";"New Brunswick";"Canada";"Y"
"314";"Belleville ON";"Ontario";"Canada";"Y"
"315";"Paddockwood SK";"Saskatchewan";"Canada";"Y"
"316";"Trent Hills ON";"Ontario";"Canada";"Y"
"317";"Albany River ON";"Ontario";"Canada";"Y"
"318";"James Bay ON";"Ontario";"Canada";"Y"
"319";"Newbrook AB";"Alberta";"Canada";"Y"
"320";"Pukatawagan MB";"Manitoba";"Canada";"Y"
"321";"Norway House and Sherridon MB";"Manitoba";"Canada";"Y"
"322";"High River AB";"Alberta";"Canada";"Y"
"323";"Huntingdon QC";"Quebec";"Canada";"Y"
"324";"Monteregie and Eastern Townships QC";"Quebec";"Canada";"Y"
"325";"Halifax NS";"Nova Scotia";"Canada";"Y"
"326";"Lanaudiere QC";"Quebec";"Canada";"Y"
"327";"Northern Saskatchewan";"Saskatchewan";"Canada";"Y"
"328";"Deschambault Lake SK";"Saskatchewan";"Canada";"Y"
"329";"Daniels Harbour NL";"Newfoundland and Labrador";"Canada";"Y"
"330";"La Tuque";"Quebec";"Canada";"Y"
"331";"Zama City AB";"Alberta";"Canada";"Y"
"332";"Kingston";"Ontario";"Canada";"Y"
"333";"Northeastern Saskatchewan";"Saskatchewan";"Canada";"Y"
"334";"White Rock BC";"British Columbia";"Canada";"Y"
"335";"East Kooteney (Elk River-Watershed) Region and the municipalities of Sparwood, Fernie and surrounding areas BC";"British Columbia";"Canada";"Y"
"336";"Baie Verte";"Newfoundland and Labrador";"Canada";"Y"
"337";"Halifax and Lunenburg NS";"Nova Scotia";"Canada";"Y"
"338";"Peninsulas of Avalon, Burin and Bonavista NL";"Newfoundland and Labrador";"Canada";"Y"
"339";"Riverside";"Manitoba";"Canada";"Y"
"340";"Pangnirtung NU";"Nuvanut";"Canada";"Y"
"341";"Queens County PE";"Prince Edward Island";"Canada";"Y"
"342";"Colchester, Pictou, Antigonish, Inverness, Victoria, Cumberland and Halifax NS";"Nova Scotia";"Canada";"Y"
"343";"Gander, Hare Bay and Swift Current NL";"Newfoundland and Labrador";"Canada";"Y"
"344";"South-Central Manitoba";"Manitoba";"Canada";"Y"
"345";"Greater Vancouver and Fraser Valley BC";"British Columbia";"Canada";"Y"
"346";"Khyex River BC";"British Columbia";"Canada";"Y"
"347";"Maritime provinces";"";"";"N"
"348";"Eyjafjallajokull glacier, Iceland";"";"";"N"
"349";"Henderson";"Yukon";"Canada";"Y"
"350";"Kamloops";"British Columbia";"Canada";"Y"
"351";"Tuktoyaktuk and Mackenzie Delta NT";"Northwest Territories";"Canada";"Y"
"352";"Notre-Dame-des-Prairies QC";"Quebec";"Canada";"Y"
"353";"Gracefield";"Quebec";"Canada";"Y"
"354";"Mont-Laurier";"Quebec";"Canada";"Y"
"355";"Cranberry Portage MB";"Manitoba";"Canada";"Y"
"356";"Nova Scotia and New Brunswick";"Nova Scotia";"Canada";"Y"
"357";"New Brunswick and Nova Scotia";"Nova Scotia";"Canada";"Y"
"358";"Martime Provinces";"";"";"N"
"359";"Meat Cove NS";"Nova Scotia";"Canada";"Y"
"360";"Yarmouth County NS";"Nova Scotia";"Canada";"Y"
"361";"Baie-Verte and Port Elgin NB";"New Brunswick";"Canada";"Y"
"362";"Lambton County ON";"Ontario";"Canada";"Y"
"363";"Midland ON";"Ontario";"Canada";"Y"
"364";"Across Canada, concentrated in Saskatchewan and Alberta";"Saskatchewan";"Canada";"Y"
"365";"Leamington ON";"Ontario";"Canada";"Y"
"366";"North Battleford SK";"Saskatchewan";"Canada";"Y"
"367";"Newfoundland and Labrador";"Newfoundland and Labrador";"Canada";"Y"
"368";"Port-au-Prince, Haiti";"";"";"N"
"369";"Southern Saskatchewan";"Saskatchewan";"Canada";"Y"
"370";"Southeast YT";"Yukon";"Canada";"Y"
"371";"Vancouver, Fraser Valley and the Greater Vancouver Regional Districts BC";"British Columbia";"Canada";"Y"
"372";"Merville and Lang BC";"British Columbia";"Canada";"Y"
"373";"Kicking Horse Pass, Alberta - British Columbia border";"British Columbia";"Canada";"Y"
"374";"Winisk ON";"Ontario";"Canada";"Y"
"375";"North-central Alberta";"Alberta";"Canada";"Y"
"376";"Southcentral Quebec";"Quebec";"Canada";"Y"
"377";"County of Thorhild AB";"Alberta";"Canada";"Y"
"378";"Britannia Beach BC";"British Columbia";"Canada";"Y"
"379";"Perth-Andover NB";"New Brunswick";"Canada";"Y"
"380";"Essex";"Ontario";"Canada";"Y"
"381";"Comox BC";"British Columbia";"Canada";"Y"
"382";"Glengarry Hospital, Victoria BC";"British Columbia";"Canada";"Y"
"383";"Chapleau ON";"Ontario";"Canada";"Y"
"384";"Gaspe and Bonaventure QC";"Quebec";"Canada";"Y"
"385";"Cross Lake, Seymourville MB";"Manitoba";"Canada";"Y"
"386";"Haileybury ON";"Ontario";"Canada";"Y"
"387";"Roseau River First Nation, Sioux Falls, Peguis First Nation, St. Andrews, St. Clements and Selkirk MB";"Manitoba";"Canada";"Y"
"388";"Echo Harbour BC";"British Columbia";"Canada";"Y"
"389";"Dawson YT";"Yukon";"Canada";"Y"
"390";"Rideau, Chaudiere and Quyon Rivers QC";"Quebec";"Canada";"Y"
"391";"Pike Lake SK";"Saskatchewan";"Canada";"Y"
"392";"Coalmont BC";"British Columbia";"Canada";"Y"
"393";"Liverpool NS";"Nova Scotia";"Canada";"Y"
"394";"St. Lawrence River";"";"";"N"
"395";"Capreol ON";"Ontario";"Canada";"Y"
"396";"Crerar ON";"Ontario";"Canada";"Y"
"397";"New Brunswick and Eastern Quebec";"Quebec";"Canada";"Y"
"398";"Baffin Bay NU";"Nuvanut";"Canada";"Y"
"399";"Manitoba to Atlantic Canada";"Manitoba";"Canada";"Y"
"400";"Plaster Rock NB";"New Brunswick";"Canada";"Y"
"401";"Moose River NS";"Nova Scotia";"Canada";"Y"
"402";"Louiseville QC";"Quebec";"Canada";"Y"
"403";"St-Gregoire-de-Montmercy QC";"Quebec";"Canada";"Y"
"404";"Rainy River and Dance Township ON";"Ontario";"Canada";"Y"
"405";"Sydney Mines, Cape Breton NS";"Nova Scotia";"Canada";"Y"
"406";"Great Lakes: Lake Ontario";"Ontario";"Canada";"Y"
"407";"Gogama ON";"Ontario";"Canada";"Y"
"408";"Newfoundland, off coast";"";"";"N"
"409";"Charlotte";"Prince Edward Island";"Canada";"Y"
"410";"Almonte ON";"Ontario";"Canada";"Y"
"411";"Aldershot ON";"Ontario";"Canada";"Y"
"412";"Saint-Donat QC";"Quebec";"Canada";"Y"
"413";"Windsor to Tecumseh ON";"Ontario";"Canada";"Y"
"414";"Okanagan Valley BC";"British Columbia";"Canada";"Y"
"415";"Elgin NB";"New Brunswick";"Canada";"Y"
"416";"Bristol NB";"New Brunswick";"Canada";"Y"
"417";"Dugald MB";"Manitoba";"Canada";"Y"
"418";"Red Deer River AB";"Alberta";"Canada";"Y"
"419";"Mississagi ON";"Ontario";"Canada";"Y"
"420";"Fraser River BC";"British Columbia";"Canada";"Y"
"421";"Charlotte";"British Columbia";"Canada";"Y"
"422";"Saint-Joachim QC";"Quebec";"Canada";"Y"
"423";"Rimouski";"Quebec";"Canada";"Y"
"424";"Canoe River BC";"British Columbia";"Canada";"Y"
"425";"Bow River BC";"British Columbia";"Canada";"Y"
"426";"Sumas and Chilliwack BC";"British Columbia";"Canada";"Y"
"427";"Coniston ON";"Ontario";"Canada";"Y"
"428";"Stephenville Crossing, Summerside NL";"Newfoundland and Labrador";"Canada";"Y"
"429";"Eastend SK";"Saskatchewan";"Canada";"Y"
"430";"Lake Superior ON";"Ontario";"Canada";"Y"
"431";"Central Alberta";"Alberta";"Canada";"Y"
"432";"White Point Beach NS";"Nova Scotia";"Canada";"Y"
"433";"Moose Jaw SK";"Saskatchewan";"Canada";"Y"
"434";"Manitoba and Saskatchewan";"Saskatchewan";"Canada";"Y"
"435";"Lake Louise AB";"Alberta";"Canada";"Y"
"436";"Nicolet QC";"Quebec";"Canada";"Y"
"437";"Springhill NS";"Nova Scotia";"Canada";"Y"
"438";"Mounte Slesse BC";"British Columbia";"Canada";"Y"
"439";"Peace River BC";"British Columbia";"Canada";"Y"
"440";"St. Lawrence NL";"Newfoundland and Labrador";"Canada";"Y"
"441";"Murdochville QC";"Quebec";"Canada";"Y"
"442";"Thetford Mines QC";"Quebec";"Canada";"Y"
"443";"Prince Rupert BC";"British Columbia";"Canada";"Y"
"444";"Amaranth MB";"Manitoba";"Canada";"Y"
"445";"Lanark ON";"Ontario";"Canada";"Y"
"446";"Revelstoke BC";"British Columbia";"Canada";"Y"
"447";"South Central Saskatchewan";"Saskatchewan";"Canada";"Y"
"448";"Chedabucto Bay NS";"Nova Scotia";"Canada";"Y"
"449";"Southern and Central Ontario";"Ontario";"Canada";"Y"
"450";"Kootenay Region BC";"British Columbia";"Canada";"Y"
"451";"McBride BC";"British Columbia";"Canada";"Y"
"452";"Toulnustouc River QC";"Quebec";"Canada";"Y"
"453";"Southeastern New Brunswick";"New Brunswick";"Canada";"Y"
"454";"Ontario";"Ontario";"Canada";"Y"
"455";"British Columbia, Pacific coast";"British Columbia";"Canada";"Y"
"456";"West coast British Columbia";"British Columbia";"Canada";"Y"
"457";"Hay River Township, south shore of Great Slave Lake NT";"Northwest Territories";"Canada";"Y"
"458";"Sainte-Therese-de-Blainville, QC";"Quebec";"Canada";"Y"
"459";"Saint-Joachim-de-Tourelle QC";"Quebec";"Canada";"Y"
"460";"Ramsey Arm BC";"British Columbia";"Canada";"Y"
"461";"Port Alberni BC";"British Columbia";"Canada";"Y"
"462";"Southern Prairies";"";"";"N"
"463";"Hope BC";"British Columbia";"Canada";"Y"
"464";"Ocean Falls BC";"British Columbia";"Canada";"Y"
"465";"Granduc Mine BC";"British Columbia";"Canada";"Y"
"466";"Lasalle QC";"Quebec";"Canada";"Y"
"467";"Northeast of Vancouver BC";"British Columbia";"Canada";"Y"
"468";"Lake Huron ON";"Ontario";"Canada";"Y"
"469";"St. Lawrence counties of Quebec";"Quebec";"Canada";"Y"
"470";"Toyko, Japan";"";"";"N"
"471";"Gander NL";"Newfoundland and Labrador";"Canada";"Y"
"472";"Crowsnest Pass BC";"British Columbia";"Canada";"Y"
"473";"Huron and Perth counties ON";"Ontario";"Canada";"Y"
"474";"Camp Creek BC";"British Columbia";"Canada";"Y"
"475";"Lambeth ON";"Ontario";"Canada";"Y"
"476";"Southwestern and Southern Ontario";"Ontario";"Canada";"Y"
"477";"Dunnville ON";"Ontario";"Canada";"Y"
"478";"Porteau BC";"British Columbia";"Canada";"Y"
"479";"Qu'Appelle River Basin SK";"Saskatchewan";"Canada";"Y"
"480";"Iroquois NB";"New Brunswick";"Canada";"Y"
"481";"Sudbury, Lively, Coppercliff and Field ON";"Ontario";"Canada";"Y"
"482";"Saint-Jean QC";"Quebec";"Canada";"Y"
"483";"Fraser Canyon BC";"British Columbia";"Canada";"Y"
"484";"Saint-Jean-Vianney QC";"Quebec";"Canada";"Y"
"485";"Maniwaki, Deleage, Egan, South Region of Outaouais QC";"Quebec";"Canada";"Y"
"486";"Western Prairies";"";"";"N"
"487";"Kootenay region and Vancouver area BC";"British Columbia";"Canada";"Y"
"488";"Victoriaville QC";"Quebec";"Canada";"Y"
"489";"Southwestern Quebec";"Quebec";"Canada";"Y"
"490";"Richelieu River QC";"Quebec";"Canada";"Y"
"491";"Corner Brook NL";"Newfoundland and Labrador";"Canada";"Y"
"492";"Smoky and Peace River Basins AB";"Alberta";"Canada";"Y"
"493";"Harbour Breton NL";"Newfoundland and Labrador";"Canada";"Y"
"494";"Cedoux SK";"Saskatchewan";"Canada";"Y"
"495";"Newfoundland, Prince Edward Island and Nova Scotia";"Nova Scotia";"Canada";"Y"
"496";"Maniwaki QC";"Quebec";"Canada";"Y"
"497";"Central and Northern Alberta";"Alberta";"Canada";"Y"
"498";"Central and Southern Manitoba";"Manitoba";"Canada";"Y"
"499";"Cambridge/Waterloo Region ON";"Ontario";"Canada";"Y"
"500";"Rae Point NT";"Northwest Territories";"Canada";"Y"
"501";"Vancouver Island BC";"British Columbia";"Canada";"Y"
"502";"Southwestern AB";"Alberta";"Canada";"Y"
"503";"Devastation Glacier BC";"British Columbia";"Canada";"Y"
"504";"Saint Bonaventure QC";"Quebec";"Canada";"Y"
"505";"Iles-de-la-Madeleine QC";"Quebec";"Canada";"Y"
"506";"Pincher Creek AB";"Alberta";"Canada";"Y"
"507";"Western, Central and Northern NS";"Nova Scotia";"Canada";"Y"
"508";"Niagara Peninsula ON";"Ontario";"Canada";"Y"
"509";"Assiniboine River MB";"Manitoba";"Canada";"Y"
"510";"Fundy Isles NB";"New Brunswick";"Canada";"Y"
"511";"Cranbrook BC";"British Columbia";"Canada";"Y"
"512";"Moncton NB";"New Brunswick";"Canada";"Y"
"513";"New Brunswick and Quebec";"Quebec";"Canada";"Y"
"514";"Petty Harbour NL";"Newfoundland and Labrador";"Canada";"Y"
"515";"Fort McMurray, Rainbow Lake AB";"Alberta";"Canada";"Y"
"516";"St-Eustache QC";"Quebec";"Canada";"Y"
"517";"Eastman QC";"Quebec";"Canada";"Y"
"518";"Milk River and area AB";"Alberta";"Canada";"Y"
"519";"Northwest Territories";"Northwest Territories";"Canada";"Y"
"520";"Millwoods AB";"Alberta";"Canada";"Y"
"521";"Golden BC";"British Columbia";"Canada";"Y"
"522";"Glace Bay NS";"Nova Scotia";"Canada";"Y"
"523";"North York ON";"Ontario";"Canada";"Y"
"524";"Red River region MB";"Manitoba";"Canada";"Y"
"525";"Woodstock ON";"Ontario";"Canada";"Y"
"526";"Drumheller AB";"Alberta";"Canada";"Y"
"527";"Southern Quebec";"Quebec";"Canada";"Y"
"528";"Mississauga";"Ontario";"Canada";"Y"
"529";"Belmoral Mine, Val d'Or, QC";"Quebec";"Canada";"Y"
"530";"Webb SK";"Saskatchewan";"Canada";"Y"
"531";"Red Lake ON";"Ontario";"Canada";"Y"
"532";"Gaspesie Region QC";"Quebec";"Canada";"Y"
"533";"Southwest British Columbia";"British Columbia";"Canada";"Y"
"534";"Squamish River BC";"British Columbia";"Canada";"Y"
"535";"Sussex NB";"New Brunswick";"Canada";"Y"
"536";"Southeastern ON";"Ontario";"Canada";"Y"
"537";"off the Northern coast of Newfoundland";"";"";"N"
"538";"Westfield and Grand Bay NB";"New Brunswick";"Canada";"Y"
"539";"Squamish BC";"British Columbia";"Canada";"Y"
"540";"Medonte ON";"Ontario";"Canada";"Y"
"541";"Greater Vancouver BC";"British Columbia";"Canada";"Y"
"542";"Labrador City NL";"Newfoundland and Labrador";"Canada";"Y"
"543";"Lodgepole AB";"Alberta";"Canada";"Y"
"544";"Off the coast of Newfoundland";"";"";"N"
"545";"Orillia ON";"Ontario";"Canada";"Y"
"546";"Sherbrooke";"Quebec";"Canada";"Y"
"547";"Dunsmuir, Vancouver Island BC";"British Columbia";"Canada";"Y"
"548";"Curling NL";"Newfoundland and Labrador";"Canada";"Y"
"549";"North shore of St. Lawrence River, and Yamachiche Maskinonge River basins QC";"Quebec";"Canada";"Y"
"550";"Reeces Corners ON";"Ontario";"Canada";"Y"
"551";"Central, southern, and western Newfoundland";"";"";"N"
"552";"Cincinnati";"Ohio";"US";"N"
"553";"Edmonton";"Saskatchewan";"Canada";"Y"
"554";"Cape Breton Island NS";"Nova Scotia";"Canada";"Y"
"555";"Gaspesie QC";"Quebec";"Canada";"Y"
"556";"Avalon Peninsula NL";"Newfoundland and Labrador";"Canada";"Y"
"557";"Fort Frances ON";"Ontario";"Canada";"Y"
"558";"Northeast Saskatchewan";"Saskatchewan";"Canada";"Y"
"559";"Grande Prairie and Drayton Valley AB";"Alberta";"Canada";"Y"
"560";"Lower Fraser River Valley BC";"British Columbia";"Canada";"Y"
"561";"South, Central and Western Manitoba";"Manitoba";"Canada";"Y"
"562";"Chesley ON";"Ontario";"Canada";"Y"
"563";"Eastern Ontario and Western Quebec";"Quebec";"Canada";"Y"
"564";"London";"Ontario";"Canada";"Y"
"565";"Alberta";"Alberta";"Canada";"Y"
"566";"Smiths Falls ON";"Ontario";"Canada";"Y"
"567";"Pemberton area BC";"British Columbia";"Canada";"Y"
"568";"West Coast of British Columbia";"British Columbia";"Canada";"Y"
"569";"Chatham";"Ontario";"Canada";"Y"
"570";"North Atlantic near west coast of Ireland";"";"";"N"
"571";"Stoney Creek ON";"Ontario";"Canada";"Y"
"572";"Hinton AB";"Alberta";"Canada";"Y"
"573";"Lake Erie ON";"Ontario";"Canada";"Y"
"574";"Hopeville to Barrie ON";"Ontario";"Canada";"Y"
"575";"Eastern Ontario and Southwestern Quebec";"Quebec";"Canada";"Y"
"576";"Lake Huron and Lake Erie ON";"Ontario";"Canada";"Y"
"577";"East Central British Columbia";"British Columbia";"Canada";"Y"
"578";"Riviere Chaudiere QC";"Quebec";"Canada";"Y"
"579";"Valrita-Harty ON";"Ontario";"Canada";"Y"
"580";"400 km off Cape Race NL";"Newfoundland and Labrador";"Canada";"Y"
"581";"Blue River BC";"British Columbia";"Canada";"Y"
"582";"Vancouver and Fraser BC";"British Columbia";"Canada";"Y"
"583";"Assiniboine, Roseau and Red Rivers MB";"Manitoba";"Canada";"Y"
"584";"Libya";"";"";"N"
"585";"Slave Lake AB";"Alberta";"Canada";"Y"
"586";"Monteregie QC";"Quebec";"Canada";"Y"
"587";"Hall Lake SK";"Saskatchewan";"Canada";"Y"
"588";"Wollaston Lake SK";"Saskatchewan";"Canada";"Y"
"589";"Brandon MB";"Manitoba";"Canada";"Y"
"590";"Weyburn and Estavan SK";"Saskatchewan";"Canada";"Y"
"591";"Yarmouth and Halifax NS";"Nova Scotia";"Canada";"Y"
"592";"Wolfe Lake and Moncton NB";"New Brunswick";"Canada";"Y"
"593";"Mishkeegogamang Ojibway First Nation (New Osnaburgh) ON";"Ontario";"Canada";"Y"
"594";"Eckville, Lacombe, Paddle River, Fort Vermilion, and Peace River AB";"Alberta";"Canada";"Y"
"595";"Resolute Bay NU";"Nuvanut";"Canada";"Y"
"596";"Goderich ON";"Ontario";"Canada";"Y"
"597";"Kingcome Inlet and Bella Coola BC";"British Columbia";"Canada";"Y"
"598";"Duncan and North Cowichan (Vancouver Island) BC";"British Columbia";"Canada";"Y"
"599";"Quebec, New Brunswick, Nova Scotia, Prince Eward Island, and Newfoundland and Labrador";"Newfoundland and Labrador";"Canada";"Y"
"600";"Fort Albany and Kashechewan First Nations ON";"Ontario";"Canada";"Y"
"601";"Mackenzie County AB";"Alberta";"Canada";"Y"
"602";"Province of Quebec";"Quebec";"Canada";"Y"
"603";"Japan";"";"";"N"
"604";"Sheshatshiu NL";"Newfoundland and Labrador";"Canada";"Y"
"605";"Vita MB";"Manitoba";"Canada";"Y"
"606";"Sicamous BC";"British Columbia";"Canada";"Y"
"607";"Peachland BC";"British Columbia";"Canada";"Y"
"608";"Thunder Bay";"Ontario";"Canada";"Y"
"609";"Lac-Megantic QC";"Quebec";"Canada";"Y"
"610";"Yukon, Northwest Territories and British Columbia";"Northwest Territories";"Canada";"Y"
"611";"Kasabonika Lake First Nation ON";"Ontario";"Canada";"Y"
"612";"Gainsford AB";"Alberta";"Canada";"Y"
"613";"Northwest River and Sheshatshiu NL";"Newfoundland and Labrador";"Canada";"Y"
"614";"Island Lake and Garden Hill MB";"Manitoba";"Canada";"Y"
"615";"Lethbridge and Coalhurst AB";"Alberta";"Canada";"Y"
"616";"Kashechewan and Fort Albany ON";"Ontario";"Canada";"Y"
"617";"Sandy Lake First Nation ON";"Ontario";"Canada";"Y"
"618";"Southeast British Columbia";"British Columbia";"Canada";"Y"
"619";"Burlington ON";"Ontario";"Canada";"Y"
"620";"Quesnel Lake BC";"British Columbia";"Canada";"Y"
"621";"LIsle-Verte QC";"Quebec";"Canada";"Y"
"622";"Saint-Jean-sur-Richelieu QC";"Quebec";"Canada";"Y"
"623";"Cumberland House SK";"Saskatchewan";"Canada";"Y"
"624";"Quebec, New Brunswick, Nova Scotia, and Prince Edward Island";"Quebec";"Canada";"Y"
"625";"Fort Albany and Kashcewan First Nation";"";"";"N"
"626";"Gogama and Mattagami First Nation ON";"Ontario";"Canada";"Y"
"627";"Nepal";"";"";"N"
"628";"Fredericton NB";"New Brunswick";"Canada";"Y"
"629";"Lower Mainland British Columbia";"British Columbia";"Canada";"Y"
"630";"Alberta and Saskatchewan";"Saskatchewan";"Canada";"Y"
"631";"Long Lake AB";"Alberta";"Canada";"Y"
"632";"Chestermere AB";"Alberta";"Canada";"Y"
"633";"Windsor and Tecumseh ON";"Ontario";"Canada";"Y"
"634";"Nova Scotia and Prince Edward Island";"Nova Scotia";"Canada";"Y"
"635";"Christmas Island NS";"Nova Scotia";"Canada";"Y"
"636";"North Saskatchewan River SK";"Saskatchewan";"Canada";"Y"
"637";"Ontario, Quebec, New Brunswick, Nove Scotia, Prince Edward Island and Newfoundland";"Quebec";"Canada";"Y"
"638";"Pikangikum First Nation ON";"Ontario";"Canada";"Y"
"639";"Horton ON";"Ontario";"Canada";"Y"
"640";"Kashechewan First Nation ON";"Ontario";"Canada";"Y"
"641";"Nova Scotia, Prince Edward Island and Newfoundland";"Nova Scotia";"Canada";"Y"
"642";"Easterville and Chemawawin MB";"Manitoba";"Canada";"Y"
"643";"Long Plain First Nation MB";"Manitoba";"Canada";"Y"
"644";"West Kelowna BC";"British Columbia";"Canada";"Y"
"645";"Burns Bog BC";"British Columbia";"Canada";"Y"
"646";"South Coast and Lower Mainland British Columbia";"British Columbia";"Canada";"Y"
"647";"Seaforth Channel BC";"British Columbia";"Canada";"Y"
"648";"Northeastern British Columbia";"British Columbia";"Canada";"Y"
"649";"Alberta, Saskatchewan, Manitoba and Ontario";"Saskatchewan";"Canada";"Y"
"650";"Paul First Nation AB";"Alberta";"Canada";"Y"
"651";"Fort McMurray AB";"Alberta";"Canada";"Y"
